,cid,brand,model,datamonth,price,biz30day,total_sold_price,model_ratings,model_rank
18,2019070912,be＆cheery/百草味,芝士蛋羹176G,201906,22.93,28699,596363.4,81.75,183.0
75,2019070912,bocca/牧家,规格: 布丁,201906,29.12,23335,1826146.9299999997,81.44,188.0
91,2019070912,call me queen/叫我女王,洛神花果冻,201906,29.76,118447,3543443.3,97.97,5.0
126,2019070912,chacheer/洽洽,儿童挤食果冻,201906,14.16,18031,218328.31,90.93,81.0
141,2019070912,chacheer/洽洽,蒟蒻果汁果冻,201906,35.13,6269,254653.6,73.96,227.0
195,2019070912,christine/克莉丝汀,套装,201906,39.87,12774,513431.80000000005,80.08,198.0
233,2019070912,clever mama/巧妈妈,乳酸菌布丁,201906,24.09,37265,1363759.6900000002,90.36,91.0
256,2019070912,clever mama/巧妈妈,奶酪布丁,201906,23.91,9305,256574.79,84.37,154.0
279,2019070912,clever mama/巧妈妈,老酸奶布丁,201906,22.93,28518,692431.3300000001,88.37,114.0
295,2019070912,clever mama/巧妈妈,芝士布丁,201906,33.27,5992,197376.24999999997,85.46,145.0
323,2019070912,clever mama/巧妈妈,鸡蛋布甸,201906,26.58,23856,657626.59,89.19,103.0
360,2019070912,clever mama/巧妈妈,鸡蛋布甸实惠装750G,201906,22.8,58448,1485742.96,87.29,120.0
402,2019070912,cocon/可康,420G*4,201906,29.9,9392,234840.13,86.96,124.0
456,2019070912,cocon/可康,多口味果冻 含椰果 480G,201906,16.22,22920,400667.25000000006,83.43,167.0
492,2019070912,cocon/可康,果冻708G,201906,53.46,3550,146233.78,73.33,232.0
523,2019070912,cocon/可康,椰果果冻80G*3杯,201906,22.56,6588,172560.15000000002,84.46,151.0
538,2019070912,cocon/可康,椰纤果肉果冻,201906,14.66,180844,2549668.71,88.58,113.0
546,2019070912,cozzo/高柔,综合果味条形果冻,201906,2.65,8371,22819.99,83.43,168.0
556,2019070912,easy fun,零卡果冻,201906,48.02,34088,1557353.1,82.63,176.0
581,2019070912,esthe pro labo,胶原蛋白果冻,201906,601.97,43739,19309587.0,80.02,199.0
606,2019070912,expressions,胶原蛋白果冻,201906,120.79,113699,13039775.0,97.48,12.0
627,2019070912,expressions,蓝莓酵素果冻条,201906,114.03,39878,4346212.0,93.43,47.0
631,2019070912,flower gear/花齿轮,花齿轮魔芋花派3口味,201906,28.79,4970,153991.44,84.36,155.0
651,2019070912,holiland/好利来,白桃果冻,201906,71.09,67067,5721945.83,74.47,225.0
665,2019070912,larbee/蜡笔小新,2.1KG果冻,201906,20.42,104322,2232665.4299999997,89.5,102.0
677,2019070912,larbee/蜡笔小新,2.2KG果冻,201906,19.8,12751,257444.68999999997,80.22,197.0
689,2019070912,larbee/蜡笔小新,2.3KG果冻,201906,37.37,1734,63670.0,86.3,136.0
701,2019070912,larbee/蜡笔小新,整箱果冻2100G,201906,22.48,10587,224270.66000000003,82.04,181.0
738,2019070912,larbee/蜡笔小新,果肉果冻,201906,30.92,9364,131130.37999999998,84.91,148.0
759,2019070912,larbee/蜡笔小新,鲜Q果冻爽150G*8包,201906,24.75,117406,2888888.45,92.83,53.0
762,2019070912,lium/溜溜梅,冻心装,201906,19.6,190490,3733598.68,73.63,229.0
765,2019070912,maizhao/唛兆,阿Q果冻,201906,15.47,34315,591302.6599999999,84.39,153.0
785,2019070912,metabolic,酵素酵母果冻,201906,12.09,8971,288851.32999999996,91.03,80.0
839,2019070912,milky gold,牛奶布丁,201906,25.88,18198,616963.2499999999,66.66,247.0
850,2019070912,moca-king/摩咔金,乳酸菌布丁500G,201906,19.9,15040,297630.70000000007,88.71,111.0
864,2019070912,moca-king/摩咔金,舞动吧组合250G*3盒,201906,31.8,105356,3666506.8099999996,92.51,58.0
876,2019070912,munwaving/美飘飘,酵素果冻盒装,201906,44.92,108081,3972989.0,98.98,1.0
919,2019070912,natural is best/自然派,芒果果冻,201906,21.16,5825,93126.34000000001,72.95,234.0
930,2019070912,orihiro/欧力喜乐,双拼果冻,201906,31.89,20176,664913.29,78.56,209.0
941,2019070912,orihiro/欧力喜乐,果汁蒟蒻可吸果冻,201906,25.53,143914,3730012.6999999997,89.95,94.0
969,2019070912,otaku/御宅女,酵素果,201906,5.94,593642,4310368.41,93.49,45.0
987,2019070912,o’best bakery/欧贝司,1,201906,23.49,4008,80407.21,91.76,70.0
992,2019070912,panda gifts/熊猫有礼,椰子冻,201906,67.5,12169,802336.0,77.54,215.0
1004,2019070912,petitzel,果冻草莓90,201906,5.19,5642,43484.0,87.58,118.0
1018,2019070912,slim waist/小纤腰,果冻3盒,201906,38.65,1932,75024.0,92.97,51.0
1030,2019070912,slim waist/小纤腰,酵素果冻系列,201906,24.12,4627,156169.90000000002,86.67,129.0
1056,2019070912,sx/世熙堂,酵素果冻,201906,20.68,107875,2449993.87,92.88,52.0
1099,2019070912,tarami,0卡,201906,30.4,24355,1025359.49,83.01,170.0
1122,2019070912,tarami,多肉组合,201906,92.0,3047,273766.0,81.99,182.0
1145,2019070912,tarami,蒟蒻组合,201906,61.89,34140,1938370.9699999997,79.39,201.0
1168,2019070912,tarami,零卡组合,201906,66.0,10596,678024.69,83.9,160.0
1191,2019070912,tarami,香浓组合,201906,88.0,3879,336996.0,80.52,196.0
1229,2019070912,three squirrels/三只松鼠,垦丁的晚霞果味果冻360G,201906,20.57,754909,15524362.310000002,89.53,101.0
1249,2019070912,three squirrels/三只松鼠,牛奶冻,201906,15.79,460990,7725305.609999998,85.63,143.0
1265,2019070912,xtaml,玫瑰果冻,201906,29.88,5862,162462.74000000002,87.27,121.0
1283,2019070912,yutior,新品臻纤果吸,201906,71.77,5666,941139.2,91.59,74.0
1292,2019070912,一定畅,果味型果冻,201906,128.0,5007,640896.0,89.76,99.0
1319,2019070912,三叔公,果冻布丁,201906,38.26,6814,254613.09,89.86,96.0
1342,2019070912,三叔公,黄桃冻+青梅冻,201906,56.77,2189,124586.79,86.44,133.0
1390,2019070912,中露,SOHO STAR果冻380G,201906,34.56,47313,1501438.51,79.95,200.0
1426,2019070912,中露,什锦果肉,201906,27.4,6171,164607.22,38.99,256.0
1442,2019070912,乖乖瘦,1盒蓝莓果冻,201906,84.86,104842,13789293.95,97.74,9.0
1458,2019070912,乖乖瘦,益生菌果冻,201906,101.14,38763,4590921.539999998,96.85,16.0
1474,2019070912,乖乖瘦,酵素果冻,201906,89.2,10439,1234382.4,93.52,44.0
1517,2019070912,亲亲,果冻90G,201906,17.19,17495,156766.95,61.2,252.0
1543,2019070912,优洽,SOSO果冻,201906,48.61,379092,17807985.119999997,95.28,27.0
1581,2019070912,优洽,红果冻,201906,34.23,52425,2000630.0999999999,91.9,68.0
1595,2019070912,优洽,蓝莓果冻,201906,48.62,5452,253716.2,97.87,6.0
1628,2019070912,优洽,酵素果冻,201906,50.28,154661,7457071.410000001,96.77,17.0
1646,2019070912,佰思宜,圣诞节礼包,201906,69.9,6719,423399.5,92.49,59.0
1700,2019070912,佳达,拖肥,201906,4.86,1370461,3571785.6800000006,84.45,152.0
1726,2019070912,共盈,拖肥,201906,13.8,10456,160472.40999999997,51.22,254.0
1760,2019070912,冠品园,胶原酵素果冻,201906,47.76,16134,968596.96,97.29,15.0
1791,2019070912,净尔氏,海藻冻,201906,36.37,3795,130901.8,,
1822,2019070912,净尔氏,酵素果冻,201906,37.0,10975,429817.8,92.39,62.0
1843,2019070912,凯基宁,黄金百香果味果冻,201906,22.88,10807,266071.89999999997,96.45,19.0
1856,2019070912,初萌,初萌酵素果冻A,201906,28.9,6575,179364.0,95.87,23.0
1874,2019070912,千逢,玫瑰果冻,201906,39.9,1975,86847.59999999999,,
1923,2019070912,华元,500,201906,9.6,27028,316034.10000000003,91.7,72.0
1932,2019070912,卓宜,酵素果冻,201906,26.0,1609,41615.0,91.94,66.0
1948,2019070912,喜之郎,150G/包,201906,1.98,112391,222363.61000000002,86.75,127.0
2002,2019070912,喜之郎,200G,201906,67.18,20595,990159.1699999999,78.77,207.0
2029,2019070912,喜之郎,24杯果肉果冻定制,201906,112.0,8016,797503.1900000001,87.22,122.0
2040,2019070912,喜之郎,CICI258毫升,201906,22.68,2176,43228.68000000001,82.84,174.0
2072,2019070912,喜之郎,CICI可吸果冻750G*3袋组合,201906,18.85,66542,1638354.6500000001,82.51,178.0
2090,2019070912,喜之郎,CICI果汁果冻15包,201906,27.57,28067,760891.41,86.42,134.0
2119,2019070912,喜之郎,CICI果汁果冻爽150G,201906,24.4,24114,363763.29000000004,77.77,214.0
2168,2019070912,喜之郎,CICI果汁果冻爽15袋,201906,31.44,6849,215079.97999999998,79.16,204.0
2197,2019070912,喜之郎,CICI果粒爽,201906,22.88,20827,399735.85000000003,81.2,191.0
2232,2019070912,喜之郎,乳酸什锦果冻360G*5袋,201906,16.4,58114,1103886.04,90.01,93.0
2269,2019070912,喜之郎,乳酸果冻,201906,7.11,12263,66819.89,91.78,69.0
2320,2019070912,喜之郎,乳酸果冻360G,201906,11.01,43016,173236.7199999999,76.84,219.0
2348,2019070912,喜之郎,乳酸果冻360G*5袋,201906,28.0,15455,379323.82,86.32,135.0
2394,2019070912,喜之郎,乳酸钙果汁果冻495G,201906,1.3,58597,67149.37999999999,91.47,77.0
2439,2019070912,喜之郎,什锦果冻360G*2袋 乳酸味儿童布丁零食小吃休闲食品大礼包,201906,14.62,12698,158114.32,82.89,173.0
2493,2019070912,喜之郎,什锦果肉果冻200G,201906,41.09,66465,2551385.4,90.78,84.0
2511,2019070912,喜之郎,大礼包,201906,48.07,3285,185467.92999999996,92.51,57.0
2554,2019070912,喜之郎,散装果冻,201906,25.98,19587,613847.98,74.11,226.0
2588,2019070912,喜之郎,果冻200G*10,201906,32.68,71296,2320712.95,90.88,82.0
2602,2019070912,喜之郎,果冻200GX10,201906,31.35,3830,119388.20999999999,63.63,251.0
2617,2019070912,喜之郎,果冻2500G,201906,31.79,7145,226194.78000000003,83.65,164.0
2668,2019070912,喜之郎,果冻360G,201906,18.6,277592,3966281.3800000004,91.52,75.0
2714,2019070912,喜之郎,果冻360G*5袋,201906,17.9,111257,2144698.2099999995,83.48,166.0
2749,2019070912,喜之郎,果冻90G,201906,16.55,296166,1388980.5799999998,80.76,194.0
2778,2019070912,喜之郎,果冻90G*30 整箱,201906,29.38,59515,1791557.95,89.16,105.0
2832,2019070912,喜之郎,果冻90克,201906,1.0,34457,38952.29,93.43,46.0
2886,2019070912,喜之郎,果冻条,201906,33.15,18907,614645.7200000002,71.35,238.0
2911,2019070912,喜之郎,果汁果冻/乳酸果冻495G*4袋,201906,33.49,10158,308938.19,80.68,195.0
2962,2019070912,喜之郎,果汁果冻150G,201906,10.78,4729,55685.53,78.19,213.0
2987,2019070912,喜之郎,果粒爽258ML*8,201906,21.78,12564,281867.67,90.72,86.0
3033,2019070912,喜之郎,果肉果冻200G,201906,13.08,27393,694844.2899999998,72.45,235.0
3049,2019070912,喜之郎,果肉果冻200G*16,201906,29.88,8461,257226.36000000004,82.33,179.0
3086,2019070912,喜之郎,果肉果冻200G*6,201906,24.3,11832,288984.45999999996,96.33,20.0
3124,2019070912,喜之郎,果肉果冻散称500G,201906,21.01,14450,442824.3499999999,78.76,208.0
3160,2019070912,喜之郎,水晶之恋果冻400G*5袋,201906,32.87,4750,143593.10000000003,78.49,210.0
3187,2019070912,喜之郎,沾粉果冻117G*16桶整箱,201906,50.0,1242,58687.2,90.6,90.0
3222,2019070912,喜之郎,混装口味2500克,201906,29.8,14371,432257.01000000007,70.43,239.0
3234,2019070912,喜之郎,网红抖音款,201906,16.56,6662,162174.92999999996,81.53,187.0
3252,2019070912,喜之郎,脆脆冰,201906,25.8,1912,55032.1,88.94,110.0
3262,2019070912,喜之郎,苹果味果冻,201906,21.74,24506,570758.3099999999,83.09,169.0
3275,2019070912,喜之郎,茶味果冻117G,201906,17.59,3966,74529.29999999999,90.63,89.0
3317,2019070912,喜之郎,草莓味果冻90克,201906,1.12,104537,209012.36,78.34,212.0
3362,2019070912,喜之郎,蜜桔果肉果冻,201906,25.25,25034,575920.0800000001,90.35,92.0
3387,2019070912,喜之郎,蜜桔果肉果冻990G*2袋,201906,57.04,41221,2179312.1799999997,92.32,63.0
3430,2019070912,喜之郎,蜜桔果肉果冻大袋 990G/袋,201906,32.6,33642,909235.21,92.55,56.0
3461,2019070912,喜之郎,蜜桔果肉果冻散500G,201906,31.64,8334,326056.62000000005,86.08,138.0
3479,2019070912,喜之郎,蜜桔果肉果冻散称500G,201906,45.48,4614,188038.08000000002,89.1,107.0
3533,2019070912,喜之郎,香橙味果冻90克,201906,1.33,291709,682746.2800000003,84.23,157.0
3562,2019070912,喜之郎,黄桃&蜜桃果肉果冻200G,201906,20.81,8537,167127.54,65.31,249.0
3611,2019070912,喜之郞,乳酸果冻360G,201906,3.9,12407,51498.08000000001,78.85,206.0
3619,2019070912,均畅,酵素果冻,201906,26.0,1729,44954.0,91.47,77.0
3631,2019070912,夏三优,优美世界,201906,30.0,6135,184050.0,93.02,50.0
3685,2019070912,好妈妈,果冻粉,201906,68.0,9318,633624.0,,
3696,2019070912,妍致,乳酸果冻,201906,17.74,7063,130215.88,71.57,237.0
3710,2019070912,妖秀,酵素果冻01,201906,29.0,5881,167975.0,94.54,31.0
3732,2019070912,姿然美,酵素果冻,201906,49.0,2891,99371.9,93.23,49.0
3752,2019070912,存臻,燕窝果冻5盒装,201906,65.7,3101,216419.34,93.98,38.0
3772,2019070912,存臻,综合果蔬,201906,50.11,2823,158974.99,86.99,123.0
3792,2019070912,存臻,酵素果冻组合,201906,25.84,11839,314376.73000000004,98.11,4.0
3801,2019070912,安之若素,洛神花果冻,201906,40.23,983,45807.939999999995,86.75,128.0
3810,2019070912,安之若素,洛神花酵素果冻,201906,39.0,2916,113724.0,94.0,37.0
3832,2019070912,完美森林,果味果冻,201906,60.0,8769,736938.32,,
3844,2019070912,小腰精,018,201906,25.48,8635,230206.91999999998,93.77,39.0
3874,2019070912,小腰精,酵素果冻,201906,28.1,419156,12118062.059999997,97.31,14.0
3881,2019070912,川品,高端系列,201906,39.0,11773,556007.0,98.49,3.0
3920,2019070912,巨峰,葡萄果冻,201906,77.39,35569,2415393.4899999998,67.45,245.0
3935,2019070912,平野,80G,201906,4.5,30968,138889.18,67.1,246.0
3944,2019070912,平野,日式果冻布丁,201906,37.85,3674,115895.63999999998,81.56,186.0
3954,2019070912,平野,浓厚牛奶芝士布丁,201906,27.78,5313,148178.96000000002,91.92,67.0
3961,2019070912,平野,牛乳布丁,201906,29.36,11218,316083.44,76.91,218.0
3971,2019070912,平野,芝士味/焦糖味布丁,201906,27.58,22431,689799.81,85.19,146.0
3996,2019070912,广元堂,SOSO酵素果冻,201906,36.02,51437,2227717.9,95.05,29.0
4005,2019070912,康喔,3盒酵素果冻（蓝莓味）,201906,34.8,2764,156647.0,90.77,85.0
4018,2019070912,徐福记,C的酷,201906,20.07,21411,492915.68,89.17,104.0
4031,2019070912,徐福记,小叭叭 益起C,201906,16.9,7264,128496.34,88.99,108.0
4038,2019070912,徐福记,小叭叭C的酷/益起C,201906,29.9,7267,216136.75,81.69,184.0
4092,2019070912,御食园,果冻爽,201906,28.75,70659,2012343.0299999996,86.5,131.0
4107,2019070912,忘不了,果板果冻,201906,13.53,18233,243508.02000000002,85.68,142.0
4132,2019070912,惠尔康,优の冻组合装,201906,36.8,10046,341948.69999999995,91.75,71.0
4148,2019070912,惠尔康,吸冻,201906,28.62,8413,245888.1,79.3,203.0
4167,2019070912,慕方,慕方蓝莓酵素果冻,201906,32.05,3101,103553.00000000001,93.65,42.0
4180,2019070912,慕诗,烧仙草,201906,34.38,10062,344443.79999999993,95.56,24.0
4189,2019070912,懒人爱,洛神果冻系列,201906,26.0,3882,108630.0,94.32,33.0
4200,2019070912,懒人爱,酵素果冻2盒装,201906,35.0,8475,315610.0,96.02,22.0
4244,2019070912,拂朵,冻吃大吃,201906,117.5,46802,5684188.029999999,,
4298,2019070912,新巧风,鸡蛋布丁,201906,22.18,33422,486230.36999999994,76.01,222.0
4321,2019070912,新巧风,鸡蛋布丁果冻180G,201906,8.8,6884,60579.2,89.88,95.0
4341,2019070912,旺旺,132G*8,201906,31.8,6998,217025.16,79.3,202.0
4352,2019070912,旺旺,ALICE QUEEN果汁果冻480G,201906,22.19,10908,243690.84999999998,70.21,240.0
4378,2019070912,旺旺,吸吸冰,201906,30.27,15501,466475.49,86.8,126.0
4404,2019070912,旺旺,吸的冻,201906,24.17,26087,675851.3099999999,75.54,224.0
4451,2019070912,旺旺,摇滚冻,201906,14.51,81526,1406025.1700000002,84.24,156.0
4500,2019070912,旺旺,维多粒,201906,23.68,17149,552050.5599999999,83.78,163.0
4530,2019070912,旺旺,茶咖冻 132G 茶味,201906,32.58,5176,190520.62000000002,84.98,147.0
4584,2019070912,旺旺,蒟篛果冻,201906,13.39,183093,719868.4699999999,88.65,112.0
4598,2019070912,杏花楼,三口味冻冻果,201906,50.36,1755,87752.08,75.55,223.0
4612,2019070912,杏花楼,冻冻果,201906,18.2,10079,170772.09000000003,86.63,130.0
4617,2019070912,来伊份,QQ冻,201906,9.89,5980,59142.229999999996,87.29,119.0
4636,2019070912,来伊份,奶酪布丁,201906,13.72,16816,254415.03000000003,69.46,241.0
4639,2019070912,来伊份,日式纸袋果冻,201906,19.89,13938,277259.31,73.63,228.0
4649,2019070912,林锦记,海盐果冻4枚,201906,32.9,7408,260087.48,73.52,231.0
4667,2019070912,果太郎,可吸果冻165G,201906,4.67,7163,33962.46,,
4678,2019070912,果延嗖,果延嗖酵素果冻,201906,36.57,3471,135813.41,91.6,73.0
4718,2019070912,果爱,什锦果冻,201906,15.04,27954,529922.72,77.51,216.0
4733,2019070912,柳月,咖啡布丁,201906,68.42,4980,328130.60000000003,81.25,190.0
4747,2019070912,梦美颜,酵素果冻,201906,74.72,4334,324657.1,89.83,98.0
4766,2019070912,梦雨果,JSGD001,201906,26.9,14934,409160.48000000004,89.13,106.0
4792,2019070912,梦雨果,MYGJSGD012,201906,59.0,2254,148387.0,,
4805,2019070912,樱桃小丸子,150G吸吸系列,201906,199.0,2081,61562.09999999999,69.24,242.0
4833,2019070912,樱桃小丸子,果冻布丁,201906,66.68,25832,1130665.01,84.02,159.0
4861,2019070912,樱桃小丸子,樱桃小丸子,201906,98.0,46413,3324267.81,86.05,139.0
4889,2019070912,樱桃小丸子,海藻冻,201906,31.8,12628,270717.65,89.64,100.0
4905,2019070912,樱桃小丸子,礼盒系列心型,201906,49.9,12703,664869.7999999999,82.71,175.0
4929,2019070912,樱桃小丸子,鸡蛋布丁果冻,201906,20.92,5107,97399.19,90.64,88.0
4936,2019070912,樱花泗,酵素果冻,201906,43.41,9516,371704.91000000003,87.97,116.0
4961,2019070912,淘吉,慕斯果冻,201906,6.78,36605,248016.09999999998,82.55,177.0
4982,2019070912,淘吉,淘吉果冻布丁,201906,14.9,7418,126360.5,73.58,230.0
5009,2019070912,爱飘飘,酵素果冻果粉,201906,73.39,1571482,128660021.63,97.76,8.0
5024,2019070912,爽露爽,米酒布丁,201906,23.31,2685,66450.53,84.7,149.0
5038,2019070912,生和堂,雪梨枇杷膏,201906,1.73,324422,710461.7,92.42,60.0
5056,2019070912,百变女郎,A果冻,201906,29.0,12517,415173.0,96.24,21.0
5061,2019070912,百变女郎,B-秋语果冻-39,201906,39.0,3457,134823.0,96.51,18.0
5081,2019070912,百变女郎,帅洋-果味-29,201906,29.0,2560,74240.0,89.84,97.0
5095,2019070912,百变女郎,洛神花-39,201906,39.0,2951,111189.0,94.16,36.0
5108,2019070912,百变女郎,玫瑰茄-帅洋--39,201906,39.0,8188,319332.0,90.81,83.0
5116,2019070912,百食驿,酵素果冻,201906,198.0,11364,628158.7,95.33,26.0
5165,2019070912,盈茂,拖肥,201906,10.96,25615,231592.57000000004,80.84,193.0
5177,2019070912,盛香珍,DRQ3包组合果冻,201906,49.28,9191,456883.54999999993,83.79,162.0
5231,2019070912,盛香珍,优酪果园,201906,27.03,74421,2209632.6799999997,64.03,250.0
5267,2019070912,盛香珍,优酪果园果冻1000G,201906,34.57,39110,1429702.6099999999,78.94,205.0
5280,2019070912,盛香珍,果冻210G,201906,39.89,9093,359460.5,80.94,192.0
5293,2019070912,盛香珍,果冻布丁,201906,29.3,7202,180459.94,88.96,109.0
5316,2019070912,盛香珍,盛香珍蒟蒻265G*2包,201906,46.53,5210,176620.11000000004,84.17,158.0
5338,2019070912,盛香珍,纤维果冻组合,201906,44.4,2482,114607.73000000001,83.55,165.0
5369,2019070912,盛香珍,荔枝果冻,201906,66.93,11198,651202.38,81.62,185.0
5399,2019070912,盛香珍,蒟蒻果冻,201906,26.1,11864,354962.04,90.66,87.0
5411,2019070912,福慕堂,酵素果冻,201906,58.9,18177,1040404.3600000001,94.88,30.0
5430,2019070912,秀尔魅,酵素果冻蓝莓味道,201906,58.0,63404,3682504.0,93.61,43.0
5445,2019070912,米嬉,酵素果冻系列,201906,28.61,18055,516479.12,97.46,13.0
5462,2019070912,纤淑,酵素果冻,201906,21.19,6541,239004.59,82.98,172.0
5488,2019070912,纤秀堂,3333,201906,58.0,2278,133004.0,,
5517,2019070912,纤秀堂,SC10635021200617,201906,58.0,13313,778064.0,94.32,34.0
5521,2019070912,绿瘦,酵素果冻系列,201906,59.0,30507,1802293.0,93.26,48.0
5542,2019070912,网易严选,1108028,201906,22.69,50767,791237.51,84.6,150.0
5560,2019070912,老城南,200G柠檬冻冻糖,201906,18.76,4928,89809.70999999999,71.65,236.0
5586,2019070912,良品铺子,日式纸袋果冻,201906,18.02,319190,5782686.729999999,86.95,125.0
5640,2019070912,良品铺子,椰果布丁720G,201906,21.85,578143,9055692.719999999,92.26,64.0
5669,2019070912,良品铺子,米酿,201906,24.01,96011,1692419.3800000001,86.48,132.0
5683,2019070912,芊芊佳人,酵素果冻,201906,21.56,1527,33673.0,,
5687,2019070912,花匙,洛神花酵素果冻,201906,27.8,24183,686263.8,92.63,55.0
5714,2019070912,苏晴子,CM520,201906,28.95,94283,2653058.3699999996,97.56,11.0
5738,2019070912,苏晴子,CM7005,201906,55.69,53438,2784260.87,93.74,40.0
5792,2019070912,莎拉米露,果冻米酒系列,201906,34.77,7617,255980.63999999996,82.99,171.0
5799,2019070912,菲诺,YWYZD_1,201906,69.0,12381,854289.0,78.38,211.0
5808,2019070912,菲诺,YZD02,201906,69.0,53980,3708265.0,85.57,144.0
5823,2019070912,菲诺,椰子冻,201906,92.71,17530,1782441.2,85.97,141.0
5846,2019070912,萌萌星,萌萌星组合,201906,25.56,7820,201065.83999999997,87.78,117.0
5884,2019070912,萌萌星,酸奶布丁,201906,12.77,63874,414345.67,82.17,180.0
5912,2019070912,萌萌星,酸奶布丁225G,201906,24.0,6577,155844.8,81.3,189.0
5936,2019070912,萌萌星,酸奶布丁散装,201906,29.13,5513,158482.93000000002,73.16,233.0
5948,2019070912,蓓俪芙,养森系列,201906,78.0,3143,245154.0,,
5954,2019070912,谢怡,人参果冻,201906,82.74,6518,640030.0,92.8,54.0
5968,2019070912,贝兴,贝兴 益生菌粉 1.5G/袋*10袋*2盒套餐,201906,75.86,44121,3460230.0,97.72,10.0
5971,2019070912,超友味,柠檬红茶果冻,201906,12.39,15590,197145.5,65.49,248.0
5996,2019070912,达心堂,酵素果冻,201906,61.93,13749,899351.0,91.94,65.0
6009,2019070912,郁香郎,乳酸果冻,201906,29.8,2757,82422.1,69.24,242.0
6022,2019070912,都乐梦,慕斯,201906,89.25,9637,865272.7500000001,93.69,41.0
6030,2019070912,都乐梦,椰子冻,201906,79.9,1129,90247.05,94.44,32.0
6037,2019070912,都乐梦,糕点,201906,89.9,1747,156358.47,91.51,76.0
6044,2019070912,酷语,酵素,201906,82.8,393,32518.799999999996,92.4,61.0
6059,2019070912,钰盈堂,果肉果冻,201906,81.6,1460,154754.4,94.3,35.0
6075,2019070912,雅客,雅客心动珍礼果冻,201906,29.9,25459,741189.1100000001,91.25,79.0
6106,2019070912,雪之恋,果冻500G,201906,20.05,5783,115646.00000000001,67.8,244.0
6151,2019070912,雪之恋,果冻布丁,201906,43.2,27489,624511.1899999997,76.35,221.0
6187,2019070912,雪之恋,雪之恋果冻500G,201906,19.48,5908,114815.98999999999,52.59,253.0
6214,2019070912,雪之恋,雪之恋果冻50G*10个,201906,21.8,3899,82082.70000000003,77.35,217.0
6237,2019070912,韩乐,优酪果冻1.75KG,201906,20.98,15548,297907.66,88.25,115.0
6260,2019070912,韩乐,优酪果冻2.5KG,201906,19.8,5023,98859.09999999999,76.5,220.0
6283,2019070912,韩乐,韩乐优酪果冻2KG,201906,18.8,84050,1595487.17,86.03,140.0
6292,2019070912,麦心诺,明星款果冻,201906,89.0,34872,2924038.0,98.63,2.0
6301,2019070912,麦心诺,明星款果粉,201906,89.0,11143,1030105.0,95.19,28.0
6308,2019070912,all lucky days/拉珂,酵素果冻,201906,58.0,398,23046.0,95.36,25.0
6339,2019070912,bocca/牧家,气球布丁,201906,92.45,78014,6813509.100000001,83.81,161.0
6370,2019070912,bpc/童颜丸,类人肽小颜防晒果冻,201906,1438.52,6955,9967978.5,,
6387,2019070912,call me queen/叫我女王,胶原蛋白/洛神花/燕窝果冻,201906,36.87,247211,8322821.0,97.85,7.0
6419,2019070912,chacheer/洽洽,混合果冻-糖果装,201906,22.9,33604,743290.46,86.24,137.0
6439,2019070912,alibaba/小黄人,布丁吸吸果冻,201906,13.62,10182,131725.52000000002,48.94,255.0
